monitor,461,226,662,403,reddit1.jpg,1600,1066
keyboard,488,783,512,92,reddit1.jpg,1600,1066
monitor,169,58,292,142,reddit2.jpg,640,480
keyboard,237,303,146,52,reddit2.jpg,640,480
monitor,313,190,346,221,reddit3.jpg,960,720
keyboard,419,407,235,67,reddit3.jpg,960,720
desktop,691,192,194,238,reddit3.jpg,960,720
monitor,93,11,608,359,reddit4.jpg,960,720
keyboard,169,517,441,176,reddit4.jpg,960,720
plant,690,1,179,378,reddit4.jpg,960,720
monitor,3,111,330,262,reddit5.jpg,960,545
monitor,313,107,306,223,reddit5.jpg,960,545
keyboard,365,362,247,98,reddit5.jpg,960,545
monitor,107,0,325,162,reddit6.png,960,540
monitor,126,151,302,251,reddit6.png,960,540
keyboard,328,439,203,101,reddit6.png,960,540
desktop,421,161,250,264,reddit6.png,960,540
plant,483,1,373,367,reddit6.png,960,540
monitor,412,279,227,159,reddit7.jpg,960,720
keyboard,460,507,133,34,reddit7.jpg,960,720
plant,1,240,195,480,reddit7.jpg,960,720
plant,1,311,209,374,reddit9.jpg,640,853
monitor,155,195,326,329,reddit9.jpg,640,853
keyboard,480,471,145,112,reddit9.jpg,640,853
monitor,386,35,358,292,reddit10.jpg,960,720
keyboard,267,370,253,119,reddit10.jpg,960,720
monitor,376,323,264,187,cute-desk-decor-ideas-for-a-work-space.jpg,1000,750
plant,637,319,111,181,cute-desk-decor-ideas-for-a-work-space.jpg,1000,750
plant,651,1,349,228,cute-desk-decor-ideas-for-a-work-space.jpg,1000,750
plant,802,449,198,301,cute-desk-decor-ideas-for-a-work-space.jpg,1000,750
plant,1,263,232,487,cute-desk-decor-ideas-for-a-work-space.jpg,1000,750
keyboard,361,529,217,29,cute-desk-decor-ideas-for-a-work-space.jpg,1000,750
monitor,821,515,899,417,desk8.png,2560,1352
keyboard,1041,1050,475,116,desk8.png,2560,1352
plant,32,27,460,401,Desk-396yshio7odutffhss36kg.jpg,1773,1072
monitor,342,113,988,705,Double.jpg,2560,1440
monitor,1339,152,952,649,Double.jpg,2560,1440
keyboard,702,1162,862,138,Double.jpg,2560,1440
plant,0,0,397,917,Double.jpg,2560,1440
keyboard,510,298,262,68,gaming-computer-desk-3688-1.jpg,1250,833
monitor,432,38,248,222,gaming-computer-desk-3688-1.jpg,1250,833
desktop,738,94,200,202,gaming-computer-desk-3688-1.jpg,1250,833
monitor,130,100,708,505,Grovemade.jpg,1500,1000
keyboard,232,746,410,105,Grovemade.jpg,1500,1000
plant,1343,355,157,246,Grovemade.jpg,1500,1000
plant,1,361,123,250,Grovemade.jpg,1500,1000
monitor,146,149,590,415,Grovemade2.jpg,1500,1000
monitor,730,145,590,416,Grovemade2.jpg,1500,1000
plant,1275,140,216,530,Grovemade2.jpg,1500,1000
plant,1,129,194,453,Grovemade2.jpg,1500,1000
keyboard,349,663,439,98,Grovemade2.jpg,1500,1000
monitor,156,287,159,150,IMG_0229-scaled.jpg,640,853
keyboard,240,418,88,29,IMG_0229-scaled.jpg,640,853
monitor,169,8,254,240,960x0.jpg,960,831
monitor,419,0,282,241,960x0.jpg,960,831
keyboard,248,232,302,74,960x0.jpg,960,831
plant,96,64,81,287,1364--1591758462933.jpg,750,422
plant,402,43,55,147,1364--1591758462933.jpg,750,422
monitor,117,74,222,165,3a5ecf31ea89ea3b25c5d9f659f81781.jpg,474,474
keyboard,216,236,218,114,3a5ecf31ea89ea3b25c5d9f659f81781.jpg,474,474
plant,10,217,101,133,3a5ecf31ea89ea3b25c5d9f659f81781.jpg,474,474
plant,131,262,109,76,4f1eeb1e4cb0ad1bec7d29d08ffc2b0c.jpg,564,564
plant,422,42,127,51,4f1eeb1e4cb0ad1bec7d29d08ffc2b0c.jpg,564,564
monitor,79,97,239,169,4f1eeb1e4cb0ad1bec7d29d08ffc2b0c.jpg,564,564
monitor,313,82,232,196,4f1eeb1e4cb0ad1bec7d29d08ffc2b0c.jpg,564,564
keyboard,129,354,192,62,4f1eeb1e4cb0ad1bec7d29d08ffc2b0c.jpg,564,564
monitor,208,33,453,272,7ef82dd1-f0f9-4bbb-8682-a1d37989cf43_1_201_a.jpg,1024,721
keyboard,286,489,260,101,7ef82dd1-f0f9-4bbb-8682-a1d37989cf43_1_201_a.jpg,1024,721
plant,615,343,153,61,7ef82dd1-f0f9-4bbb-8682-a1d37989cf43_1_201_a.jpg,1024,721
monitor,6,63,310,213,58672f4f53c457cd5c67da9ca5bdb513.jpg,474,474
plant,342,114,127,157,58672f4f53c457cd5c67da9ca5bdb513.jpg,474,474
keyboard,53,410,239,57,58672f4f53c457cd5c67da9ca5bdb513.jpg,474,474
monitor,882,195,1360,916,758807dc8b4fb6ad40924e976b63c2be.jpg,3912,2631
keyboard,847,1302,1025,261,758807dc8b4fb6ad40924e976b63c2be.jpg,3912,2631
desktop,2901,355,1011,1302,758807dc8b4fb6ad40924e976b63c2be.jpg,3912,2631
plant,91,34,80,129,58309249c467cbd931db4fff2ed97d4b.jpg,473,224
plant,334,1,102,149,58309249c467cbd931db4fff2ed97d4b.jpg,473,224
monitor,165,0,178,117,58309249c467cbd931db4fff2ed97d4b.jpg,473,224
monitor,108,36,300,218,3171868777ebac9f3c17bc06fceea33c.jpg,474,474
plant,0,184,115,131,3171868777ebac9f3c17bc06fceea33c.jpg,474,474
keyboard,9,351,304,96,3171868777ebac9f3c17bc06fceea33c.jpg,474,474
monitor,72,273,332,229,Abramowski+Adjustable+Dual+Monitor+Stand.jpg,800,800
monitor,408,275,312,226,Abramowski+Adjustable+Dual+Monitor+Stand.jpg,800,800
keyboard,290,597,186,56,Abramowski+Adjustable+Dual+Monitor+Stand.jpg,800,800
plant,15,476,68,121,Abramowski+Adjustable+Dual+Monitor+Stand.jpg,800,800
monitor,312,2,857,241,b96e0fb1663717a7ef2c9a0471100b7f4e45038d.jpg,1464,600
plant,1051,261,132,122,b96e0fb1663717a7ef2c9a0471100b7f4e45038d.jpg,1464,600
keyboard,382,375,709,112,b96e0fb1663717a7ef2c9a0471100b7f4e45038d.jpg,1464,600
monitor,101,34,306,220,d400d9b48811641e2a21b0a290a6cacf.jpg,473,376
keyboard,64,297,326,79,d400d9b48811641e2a21b0a290a6cacf.jpg,473,376
monitor,78,87,141,170,d64386221d0350702b414cd37504b22d.jpg,474,474
monitor,220,102,149,173,d64386221d0350702b414cd37504b22d.jpg,474,474
keyboard,91,266,162,67,d64386221d0350702b414cd37504b22d.jpg,474,474
monitor,499,61,370,219,ETe-QvuXsAYrlkX.jpg,1024,576
plant,1,25,282,358,ETe-QvuXsAYrlkX.jpg,1024,576
keyboard,419,324,211,78,ETe-QvuXsAYrlkX.jpg,1024,576
monitor,91,101,193,155,feb92bee47ecc549193abe037f608c22.jpg,450,450
keyboard,167,270,163,77,feb92bee47ecc549193abe037f608c22.jpg,450,450
monitor,379,207,632,456,home-office-desk.jpg,1386,924
keyboard,546,691,293,67,home-office-desk.jpg,1386,924
plant,1,188,319,697,home-office-desk.jpg,1386,924
plant,1151,246,235,527,home-office-desk.jpg,1386,924
plant,1143,548,115,179,home-office-desk.jpg,1386,924
monitor,421,66,295,475,Home-Office-Desk-Setup-Ideas.jpg,1400,800
keyboard,734,595,215,127,Home-Office-Desk-Setup-Ideas.jpg,1400,800
monitor,322,62,375,376,Home-Office-Desk-Setup-Ideas-07-1024x683.jpg,1024,683
keyboard,244,447,214,133,Home-Office-Desk-Setup-Ideas-07-1024x683.jpg,1024,683
plant,618,425,77,86,Home-Office-Desk-Setup-Ideas-07-1024x683.jpg,1024,683
monitor,285,190,130,118,home-office-setup-ideas-hot-also_office-decoration-701x451.jpg,701,451
keyboard,262,306,120,28,home-office-setup-ideas-hot-also_office-decoration-701x451.jpg,701,451
monitor,47,15,85,60,images.jpg,259,194
monitor,131,19,83,57,images.jpg,259,194
keyboard,104,92,72,16,images.jpg,259,194
desktop,157,116,43,78,images.jpg,259,194
monitor,273,75,436,303,IMG_6366.jpg,1200,969
monitor,708,86,481,289,IMG_6366.jpg,1200,969
keyboard,526,431,310,76,IMG_6366.jpg,1200,969
monitor,224,51,400,354,maxresdefault (1).jpg,1280,720
monitor,609,106,398,217,maxresdefault (1).jpg,1280,720
keyboard,601,380,271,79,maxresdefault (1).jpg,1280,720
monitor,251,259,193,190,maxresdefault.jpg,1280,720
monitor,454,221,235,195,maxresdefault.jpg,1280,720
keyboard,610,441,200,92,maxresdefault.jpg,1280,720
monitor,377,122,648,442,nanored.jpg,1400,933
keyboard,430,640,553,98,nanored.jpg,1400,933
plant,0,101,217,489,nanored.jpg,1400,933
plant,940,563,79,101,nanored.jpg,1400,933
plant,872,560,73,94,nanored.jpg,1400,933
monitor,197,9,568,441,Patricks-Behind-the-Screens-2019-6.jpg,2000,1125
monitor,759,0,772,431,Patricks-Behind-the-Screens-2019-6.jpg,2000,1125
keyboard,1105,480,189,83,Patricks-Behind-the-Screens-2019-6.jpg,2000,1125
monitor,81,67,189,175,Pegasus-Desktop-Build.jpg,533,400
monitor,271,93,124,119,Pegasus-Desktop-Build.jpg,533,400
desktop,398,105,135,133,Pegasus-Desktop-Build.jpg,533,400
keyboard,268,249,159,52,Pegasus-Desktop-Build.jpg,533,400
monitor,201,628,225,99,Photography-desk-setup.jpg,797,1000
keyboard,85,366,305,244,Photography-desk-setup.jpg,797,1000
monitor,374,231,434,302,ugmonk-hq-6a.jpg,1200,891
keyboard,481,656,220,65,ugmonk-hq-6a.jpg,1200,891
plant,1006,474,162,203,ugmonk-hq-6a.jpg,1200,891
monitor,113,26,344,252,Velia+Compact+Desk.jpg,800,800
keyboard,105,322,180,53,Velia+Compact+Desk.jpg,800,800
plant,492,111,84,111,Velia+Compact+Desk.jpg,800,800
plant,0,11,135,469,Velia+Compact+Desk.jpg,800,800
monitor,1373,31,2155,1348,yosemite.jpg,4032,3024
keyboard,1700,1944,1667,408,yosemite.jpg,4032,3024
desktop,1775,296,629,777,desk1.png,2549,1198
monitor,762,207,851,514,desk1.png,2549,1198
keyboard,622,964,634,154,desk1.png,2549,1198
plant,1473,822,130,147,desk1.png,2549,1198
